{
    "Header": "xd-AntiSpy config to wipe out unnecessary bloatware.",
    "Entries": [
    {
        "Type": "AppsHabit",
        "AppName": "Instagram",
        "Description": "Instagram is a social media platform."
    },
    {
        "Type": "AppsHabit",
        "AppName": "TikTok",
        "Description": "The app is a PWA, which is available not only for Windows 11, but also for Windows 10."
    },
    {
        "Type": "AppsHabit",
        "AppName": "BingNews",
        "Description": "News app from Microsoft"
    },
    {
        "Type": "AppsHabit",
        "AppName": "ZuneVideo",
        "Description": "Video app from Microsoft"
    },
    {
        "Type": "AppsHabit",
        "AppName": "MicrosoftOfficeHub",
        "Description": "This is preinstalled Microsoft crapware."
    },
    {
        "Type": "AppsHabit",
        "AppName": "GetHelp",
        "Description": "The Get Help app empowers customers to self-help with troubleshooters, instant answers, Microsoft support articles, and more, before contacting assisted support."
    },
    {
        "Type": "AppsHabit",
        "AppName": "WhatsApp",
        "Description": "WhatsApp has a UWP app for Windows 11, and while it’s not a web wrapper, it doesn’t have as many features as its mobile counterpart. If you dont use it, remove it."
    },
    {
        "Type": "AppsHabit",
        "AppName": "OneDrive",
        "Description": "Official Microsoft crapware again."
    },
    {
        "Type": "AppsHabit",
        "AppName": "Microsoft MixedReality.Portal",
        "Description": "Official Microsoft crapware."
    },
    {
        "Type": "AppsHabit",
        "AppName": "Microsoft Print3D",
        "Description": "Official Microsoft crapware again."
    },
    {
        "Type": "AppsHabit",
        "AppName": "Microsoft People",
        "Description": "Official Microsoft crapware again."
    },
    {
        "Type": "AppsHabit",
        "AppName": "Microsoft.SkypeApp",
        "Description": "The official Microsoft Skype app"
    },
    {
        "Type": "AppsHabit",
        "AppName": "9E2F88E3.TWITTER",
        "Description": "Nothing more than a frontend for the X website. You really don't need it."
    },
    {
        "Type": "AppsHabit",
        "AppName": "Microsoft.News",
        "Description": "News app from Microsoft"
    },
    {
        "Type": "AppsHabit",
        "AppName": "Microsoft.ZuneVideo",
        "Description": "Video app from Microsoft"
    },
    {
        "Type": "AppsHabit",
        "AppName": "Microsoft.Music",
        "Description": "Music app from Microsoft"
    },
    {
        "Type": "AppsHabit",
        "AppName": "Microsoft.Office",
        "Description": "Office suite from Microsoft"
    },
    {
        "Type": "AppsHabit",
        "AppName": "Microsoft.Skype",
        "Description": "The official Microsoft Skype app"
    },
    {
        "Type": "AppsHabit",
        "AppName": "Microsoft.OneNote",
        "Description": "Note-taking app from Microsoft"
    },
    {
        "Type": "AppsHabit",
        "AppName": "Microsoft.PowerPoint",
        "Description": "Presentation software from Microsoft"
    },
    {
        "Type": "AppsHabit",
        "AppName": "Microsoft.Excel",
        "Description": "Spreadsheet software from Microsoft"
    },
    {
        "Type": "AppsHabit",
        "AppName": "Microsoft.Word",
        "Description": "Word processing software from Microsoft"
    },
    {
        "Type": "AppsHabit",
        "AppName": "Microsoft.Outlook",
        "Description": "Email and calendar app from Microsoft"
    },
    {
        "Type": "AppsHabit",
        "AppName": "Microsoft.Teams",
        "Description": "Collaboration platform from Microsoft"
    },
    {
        "Type": "AppsHabit",
        "AppName": "Microsoft.Maps",
        "Description": "Maps app from Microsoft"
    },
    {
        "Type": "AppsHabit",
        "AppName": "Microsoft.Weather",
        "Description": "Weather app from Microsoft"
    },
    {
        "Type": "AppsHabit",
        "AppName": "Microsoft.Alarms",
        "Description": "Alarms & Clock app from Microsoft"
    },
    {
        "Type": "AppsHabit",
        "AppName": "Microsoft.Feedback",
        "Description": "Feedback Hub app from Microsoft"
    },
    {
        "Type": "AppsHabit",
        "AppName": "Microsoft.Messaging",
        "Description": "Messaging app from Microsoft"
    },
    {
        "Type": "AppsHabit",
        "AppName": "Microsoft.Solitaire",
        "Description": "Solitaire Collection app from Microsoft"
    },
    {
        "Type": "AppsHabit",
        "AppName": "Microsoft.StickyNotes",
        "Description": "Sticky Notes app from Microsoft"
    },
    {
        "Type": "AppsHabit",
        "AppName": "Microsoft.Wallet",
        "Description": "Wallet app from Microsoft"
    },
    {
        "Type": "AppsHabit",
        "AppName": "DevHome",
        "Description": "DevHome is a development environment for Windows developers."
    },
    {
        "Type": "AppsHabit",
        "AppName": "Microsoft.YourPhone",
        "Description": "Your Phone app from Microsoft"
    },
    {
        "Type": "AppsHabit",
        "AppName": "Microsoft.3DViewer",
        "Description": "3D Viewer app from Microsoft"
    },
    {
        "Type": "AppsHabit",
        "AppName": "Microsoft.Paint3D",
        "Description": "Paint 3D app from Microsoft"
    },
    {
        "Type": "AppsHabit",
        "AppName": "Clipchamp.Clipchamp",
        "Description": "Clipchamp is a web-based application. It's also not entirely free!"
    },
    {
        "Type": "AppsHabit",
        "AppName": "Netflix",
        "Description": "Netflix is a popular streaming service."
    },
    {
        "Type": "AppsHabit",
        "AppName": "Spotify",
        "Description": "Spotify is a music streaming service."
    },
    {
        "Type": "AppsHabit",
        "AppName": "Twitter",
        "Description": "Twitter is a social media platform."
    },
    {
        "Type": "AppsHabit",
        "AppName": "AD2F1837",
        "Description": "Unknown app with identifier AD2F1837."
    },
    {
        "Type": "AppsHabit",
        "AppName": "Adobe",
        "Description": "Adobe is a software company known for Photoshop and Acrobat."
    },
    {
        "Type": "AppsHabit",
        "AppName": "Asana",
        "Description": "Asana is a task management app."
    },
    {
        "Type": "AppsHabit",
        "AppName": "Google",
        "Description": "Google is a search engine and technology company."
    },
    {
        "Type": "AppsHabit",
        "AppName": "Facebook",
        "Description": "Facebook is a social media platform."
    },
    {
        "Type": "AppsHabit",
        "AppName": "Candy",
        "Description": "Candy Crush Saga is a popular puzzle game."
    },
    {
        "Type": "AppsHabit",
        "AppName": "Disney",
        "Description": "Disney is an entertainment company."
    },
    {
        "Type": "AppsHabit",
        "AppName": "Dolby",
        "Description": "Dolby is a company known for audio technologies."
    },
    {
        "Type": "AppsHabit",
        "AppName": "Duolingo",
        "Description": "Duolingo is a language-learning platform."
    },
    {
        "Type": "AppsHabit",
        "AppName": "Eclipse",
        "Description": "Eclipse is an integrated development environment (IDE)."
    },
    {
        "Type": "AppsHabit",
        "AppName": "Fitbit",
        "Description": "Fitbit is a fitness tracking device and app."
    },
    {
        "Type": "AppsHabit",
        "AppName": "Flipboard",
        "Description": "Flipboard is a news aggregation app."
    },
    {
        "Type": "AppsHabit",
        "AppName": "Fresh",
        "Description": "Fresh Paint is a painting app."
    },
    {
        "Type": "AppsHabit",
        "AppName": "Gameloft",
        "Description": "Gameloft is a game development company."
    },
    {
        "Type": "AppsHabit",
        "AppName": "Gears",
        "Description": "Gears of War is a popular game franchise."
    },
    {
        "Type": "AppsHabit",
        "AppName": "Hulu",
        "Description": "Hulu is a streaming service."
    },
    {
        "Type": "AppsHabit",
        "AppName": "LinkedIn",
        "Description": "LinkedIn is a professional networking platform."
    },
    {
        "Type": "AppsHabit",
        "AppName": "News",
        "Description": "News app."
    },
    {
        "Type": "AppsHabit",
        "AppName": "Reddit",
        "Description": "Reddit is a social media platform."
    },
    {
        "Type": "AppsHabit",
        "AppName": "Slack",
        "Description": "Slack is a messaging and collaboration platform."
    },
    {
        "Type": "AppsHabit",
        "AppName": "Twitch",
        "Description": "Twitch is a live streaming platform for gamers."
    },
    {
        "Type": "AppsHabit",
        "AppName": "Wunderlist",
        "Description": "Wunderlist is a task management app."
    },
    {
        "Type": "AppsHabit",
        "AppName": "Zoom",
        "Description": "Zoom is a video conferencing platform."
	}
  ]
}