{
    "Header": "This config replicates the latest Bloatynosy app (v0.85), cloning almost all 30 configurations.",
    "Entries": [
        {
            "Type": "RegistryHabit",
            "Hive": "LocalMachine",
            "Key": "SOFTWARE\\Policies\\Google\\Chrome",
            "ValueName": "MetricsReportingEnabled",
            "BadValue": 1,
            "GoodValue": 0,
            "Description": "Disable Google Chrome telemetry by setting MetricsReportingEnabled to 0",
            "ValueType": "DWORD"
        },
        {
            "Type": "RegistryHabit",
            "Hive": "LocalMachine",
            "Key": "SOFTWARE\\Policies\\Google\\Chrome",
            "ValueName": "ChromeCleanupReportingEnabled",
            "BadValue": 1,
            "GoodValue": 0,
            "Description": "Disable Google Chrome cleanup telemetry by setting ChromeCleanupReportingEnabled to 0",
            "ValueType": "DWORD"
        },
        {
            "Type": "RegistryHabit",
            "Hive": "LocalMachine",
            "Key": "SOFTWARE\\Policies\\Google\\Chrome",
            "ValueName": "SubscribedContent-353696Enabled",
            "BadValue": 1,
            "GoodValue": 0,
            "Description": "Disable Google Chrome content subscription telemetry by setting SubscribedContent-353696Enabled to 0",
            "ValueType": "DWORD"
        },
        {
            "Type": "RegistryHabit",
            "Hive": "LocalMachine",
            "Key": "SOFTWARE\\Policies\\Microsoft\\Edge",
            "ValueName": "HubsSidebarEnabled",
            "BadValue": 1,
            "GoodValue": 0,
            "Description": "Disable the giant Bing search (AI chat) button in Microsoft Edge by setting HubsSidebarEnabled to 0",
            "ValueType": "DWORD"
        },
        {
            "Type": "RegistryHabit",
            "Hive": "LocalMachine",
            "Key": "SOFTWARE\\Policies\\Mozilla\\Firefox",
            "ValueName": "DisableTelemetry",
            "BadValue": 0,
            "GoodValue": 1,
            "Description": "Disable Mozilla Firefox telemetry by setting DisableTelemetry to 1",
            "ValueType": "DWORD"
        },
        {
            "Type": "RegistryHabit",
            "Hive": "LocalMachine",
            "Key": "SOFTWARE\\Policies\\Mozilla\\Firefox",
            "ValueName": "DisableDefaultBrowserAgent",
            "BadValue": 0,
            "GoodValue": 1,
            "Description": "Disable Mozilla Firefox default browser agent by setting DisableDefaultBrowserAgent to 1",
            "ValueType": "DWORD"
        },
        {
            "Type": "RegistryHabit",
            "Hive": "CurrentUser",
            "Key": "Software\\Microsoft\\Windows\\CurrentVersion\\Themes\\Personalize",
            "ValueName": "AppsUseLightTheme",
            "BadValue": 1,
            "GoodValue": 0,
            "Description": "Use apps dark theme by setting AppsUseLightTheme to 0",
            "ValueType": "DWORD"
        },
        {
            "Type": "RegistryHabit",
            "Hive": "CurrentUser",
            "Key": "Software\\Microsoft\\Windows\\CurrentVersion\\Explorer\\Advanced",
            "ValueName": "EnableSnapAssistFlyout",
            "BadValue": 1,
            "GoodValue": 0,
            "Description": "Disable Snap Assist by setting EnableSnapAssistFlyout to 0",
            "ValueType": "DWORD"
        },
        {
            "Type": "RegistryHabit",
            "Hive": "LocalMachine",
            "Key": "SOFTWARE\\Microsoft\\PolicyManager\\current\\device\\Stickers",
            "ValueName": "EnableStickers",
            "BadValue": 1,
            "GoodValue": 0,
            "Description": "Remove Desktop Stickers by setting EnableStickers to 0",
            "ValueType": "DWORD"
        },
        {
            "Type": "RegistryHabit",
            "Hive": "CurrentUser",
            "Key": "Software\\Microsoft\\Windows\\CurrentVersion\\Themes\\Personalize",
            "ValueName": "EnableTransparency",
            "BadValue": 1,
            "GoodValue": 0,
            "Description": "Disable acrylic Fluent Design effects by setting EnableTransparency to 0",
            "ValueType": "DWORD"
        },
        {
            "Type": "RegistryHabit",
            "Hive": "CurrentUser",
            "Key": "Software\\Microsoft\\Windows\\CurrentVersion\\Explorer\\Advanced",
            "ValueName": "TaskbarDa",
            "BadValue": 1,
            "GoodValue": 0,
            "Description": "Disable Widgets by setting TaskbarDa to 0",
            "ValueType": "DWORD"
        },
        {
            "Type": "RegistryHabit",
            "Hive": "CurrentUser",
            "Key": "Software\\Microsoft\\Windows\\CurrentVersion\\Themes\\Personalize",
            "ValueName": "SystemUsesLightTheme",
            "BadValue": 1,
            "GoodValue": 0,
            "Description": "Use dark theme system-wide by setting SystemUsesLightTheme to 0",
            "ValueType": "DWORD"
        },
        {
            "Type": "RegistryHabit",
            "Hive": "CurrentUser",
            "Key": "Software\\Microsoft\\Windows\\CurrentVersion\\Explorer\\Advanced",
            "ValueName": "HideFileExt",
            "BadValue": 1,
            "GoodValue": 0,
            "Description": "Show file extensions by setting HideFileExt to 0",
            "ValueType": "DWORD"
        },
        {
            "Type": "RegistryHabit",
            "Hive": "CurrentUser",
            "Key": "Software\\Microsoft\\Windows\\CurrentVersion\\Explorer\\Advanced",
            "ValueName": "Hidden",
            "BadValue": 0,
            "GoodValue": 1,
            "Description": "Show hidden files and folders by setting Hidden to 1",
            "ValueType": "DWORD"
        },
        {
            "Type": "RegistryHabit",
            "Hive": "CurrentUser",
            "Key": "System\\GameConfigStore",
            "ValueName": "GameDVR_Enabled",
            "BadValue": 1,
            "GoodValue": 0,
            "Description": "Disable Game DVR by setting GameDVR_Enabled to 0",
            "ValueType": "DWORD"
        },
        {
            "Type": "RegistryHabit",
            "Hive": "LocalMachine",
            "Key": "SOFTWARE\\Microsoft\\PolicyManager\\default\\ApplicationManagement\\AllowGameDVR",
            "ValueName": "value",
            "BadValue": 1,
            "GoodValue": 0,
            "Description": "Disable Game DVR by setting AllowGameDVR to 0",
            "ValueType": "DWORD"
        },
        {
            "Type": "RegistryHabit",
            "Hive": "LocalMachine",
            "Key": "SYSTEM\\CurrentControlSet\\Control\\Power\\PowerThrottling",
            "ValueName": "PowerThrottlingOff",
            "BadValue": 0,
            "GoodValue": 1,
            "Description": "Disable Power Throttling by setting PowerThrottlingOff to 1",
            "ValueType": "DWORD"
        },
        {
            "Type": "RegistryHabit",
            "Hive": "CurrentUser",
            "Key": "Software\\Microsoft\\Windows\\CurrentVersion\\Explorer\\VisualEffects",
            "ValueName": "VisualFXSetting",
            "BadValue": 1,
            "GoodValue": 2,
            "Description": "Set Visual Effects to 'Adjust for best performance' by setting VisualFXSetting to 2",
            "ValueType": "DWORD"
        },
        {
            "Type": "RegistryHabit",
            "Hive": "CurrentUser",
            "Key": "Software\\Microsoft\\Windows\\CurrentVersion\\AdvertisingInfo",
            "ValueName": "Enabled",
            "BadValue": 1,
            "GoodValue": 0,
            "Description": "Disable advertising info by setting Enabled to 0",
            "ValueType": "DWORD"
        },
        {
            "Type": "RegistryHabit",
            "Hive": "CurrentUser",
            "Key": "Software\\Microsoft\\Windows\\CurrentVersion\\ContentDeliveryManager",
            "ValueName": "SilentInstalledAppsEnabled",
            "BadValue": 1,
            "GoodValue": 0,
            "Description": "Disable silent installed apps by setting SilentInstalledAppsEnabled to 0",
            "ValueType": "DWORD"
        },
        {
            "Type": "RegistryHabit",
            "Hive": "CurrentUser",
            "Key": "Software\\Microsoft\\Windows\\CurrentVersion\\BackgroundAccessApplications",
            "ValueName": "GlobalUserDisabled",
            "BadValue": 0,
            "GoodValue": 1,
            "Description": "Disable background access applications by setting GlobalUserDisabled to 1",
            "ValueType": "DWORD"
        },
        {
            "Type": "RegistryHabit",
            "Hive": "LocalMachine",
            "Key": "Software\\Microsoft\\Windows NT\\CurrentVersion\\Image File Execution Options\\CompatTelRunner.exe",
            "ValueName": "Debugger",
            "BadValue": "DELETE",
            "GoodValue": "%windir%\\System32\\taskkill.exe",
            "Description": "Disable CompatTelRunner.exe by setting Debugger to %windir%\\System32\\taskkill.exe",
            "ValueType": "STRING"
        },
        {
            "Type": "RegistryHabit",
            "Hive": "CurrentUser",
            "Key": "Software\\Microsoft\\Windows\\CurrentVersion\\Privacy",
            "ValueName": "TailoredExperiencesWithDiagnosticDataEnabled",
            "BadValue": 1,
            "GoodValue": 0,
            "Description": "Disable tailored experiences with diagnostic data by setting TailoredExperiencesWithDiagnosticDataEnabled to 0",
            "ValueType": "DWORD"
        },
        {
            "Type": "RegistryHabit",
            "Hive": "CurrentUser",
            "Key": "Software\\Microsoft\\Siuf\\Rules",
            "ValueName": "PeriodInNanoSeconds",
            "BadValue": 1,
            "GoodValue": 0,
            "Description": "Disable SIUF period by setting PeriodInNanoSeconds to 0",
            "ValueType": "DWORD"
        },
        {
            "Type": "RegistryHabit",
            "Hive": "CurrentUser",
            "Key": "Software\\Microsoft\\Siuf\\Rules",
            "ValueName": "NumberOfSIUFInPeriod",
            "BadValue": 1,
            "GoodValue": 0,
            "Description": "Disable SIUF count in period by setting NumberOfSIUFInPeriod to 0",
            "ValueType": "DWORD"
        },
        {
            "Type": "RegistryHabit",
            "Hive": "LocalMachine",
            "Key": "Software\\Microsoft\\Windows\\CurrentVersion\\CapabilityAccessManager\\ConsentStore\\location",
            "ValueName": "Value",
            "BadValue": "Allow",
            "GoodValue": "Deny",
            "Description": "Deny location access by setting Value to 'Deny'",
            "ValueType": "STRING"
        },
        {
            "Type": "RegistryHabit",
            "Hive": "CurrentUser",
            "Key": "Software\\Microsoft\\Windows\\CurrentVersion\\ContentDeliveryManager",
            "ValueName": "SubscribedContent-338393Enabled",
            "BadValue": 1,
            "GoodValue": 0,
            "Description": "Disable content subscription by setting SubscribedContent-338393Enabled to 0",
            "ValueType": "DWORD"
        }
    ]
}
