{
    "Header": "Registry tweaks for Windows 11 taskbar customizations.",
    "Entries": [
        {
            "Type": "RegistryHabit",
            "Hive": "CurrentUser",
            "Key": "Software\\Microsoft\\Windows\\CurrentVersion\\Explorer\\Advanced",
            "ValueName": "TaskbarAl",
            "BadValue": 1,
            "GoodValue": 0,
            "Description": "Disables taskbar alignment to the center. Setting this value to 0 moves the taskbar icons to the left, disabling the center alignment of pinned programs and Start button.",
            "ValueType": "DWORD"
        },
        {
            "Type": "RegistryHabit",
            "Hive": "CurrentUser",
            "Key": "Software\\Microsoft\\Windows\\CurrentVersion\\Explorer\\Advanced",
            "ValueName": "TaskbarAnimations",
            "BadValue": 1,
            "GoodValue": 0,
            "Description": "Disables taskbar animations. Setting this value to 0 will turn off the animated effects when opening, closing, or minimizing apps from the taskbar, making it static.",
            "ValueType": "DWORD"
        },
        {
            "Type": "RegistryHabit",
            "Hive": "CurrentUser",
            "Key": "Software\\Microsoft\\Windows\\CurrentVersion\\Explorer\\Advanced",
            "ValueName": "TaskbarAutoHideInTabletMode",
            "BadValue": 1,
            "GoodValue": 0,
            "Description": "Disables the automatic hiding of the taskbar in tablet mode. This ensures that the taskbar is always visible even in tablet mode, instead of hiding to save space.",
            "ValueType": "DWORD"
        },
        {
            "Type": "RegistryHabit",
            "Hive": "CurrentUser",
            "Key": "Software\\Microsoft\\Windows\\CurrentVersion\\Explorer\\Advanced",
            "ValueName": "TaskbarBadges",
            "BadValue": 1,
            "GoodValue": 0,
            "Description": "Disables taskbar badges. Setting this to 0 removes notification badges (small status icons) from the taskbar app icons, simplifying the taskbar appearance.",
            "ValueType": "DWORD"
        },
        {
            "Type": "RegistryHabit",
            "Hive": "CurrentUser",
            "Key": "Software\\Microsoft\\Windows\\CurrentVersion\\Explorer\\Advanced",
            "ValueName": "TaskbarDa",
            "BadValue": 1,
            "GoodValue": 0,
            "Description": "Disables the Widgets icon on the taskbar. By setting this value to 0, the Widgets icon will be hidden, preventing it from showing up on the taskbar.",
            "ValueType": "DWORD"
        },
        {
            "Type": "RegistryHabit",
            "Hive": "CurrentUser",
            "Key": "Software\\Microsoft\\Windows\\CurrentVersion\\Explorer\\Advanced",
            "ValueName": "TaskbarFlashing",
            "BadValue": 1,
            "GoodValue": 0,
            "Description": "Disables the flashing behavior of taskbar icons. Setting this value to 0 prevents taskbar icons from flashing to grab attention when an application needs focus or action.",
            "ValueType": "DWORD"
        },
        {
            "Type": "RegistryHabit",
            "Hive": "CurrentUser",
            "Key": "Software\\Microsoft\\Windows\\CurrentVersion\\Explorer\\Advanced",
            "ValueName": "TaskbarMn",
            "BadValue": 1,
            "GoodValue": 0,
            "Description": "Disables taskbar menu animations. This prevents animations from playing when opening context menus on the taskbar (e.g., right-click menus).",
            "ValueType": "DWORD"
        },
        {
            "Type": "RegistryHabit",
            "Hive": "CurrentUser",
            "Key": "Software\\Microsoft\\Windows\\CurrentVersion\\Explorer\\Advanced",
            "ValueName": "TaskbarSizeMove",
            "BadValue": 1,
            "GoodValue": 0,
            "Description": "Disables the ability to manually resize the taskbar. By setting this value to 0, users will no longer be able to adjust the taskbar's height by dragging.",
            "ValueType": "DWORD"
        }
    ]
}
