{
    "Header": "11 Must-Know Registry Tweaks for Windows 11 straight from https://www.xda-developers.com/registry-tweaks-for-windows-11",
    "Entries": [
        {
            "Type": "RegistryHabit",
            "Hive": "LocalMachine",
            "Key": "SOFTWARE\\Microsoft\\Windows\\CurrentVersion\\Policies\\System",
            "ValueName": "verbosestatus",
            "BadValue": 0,
            "GoodValue": 1,
            "Description": "Enable verbose boot status messages",
            "ValueType": "DWORD"
        },
        {
            "Type": "ServiceHabit",
            "ServiceName": "DiagTrack",
            "Description": "Diagnostics Tracking Service: Monitors and tracks diagnostics and performance metrics.",
            "BadValue": 1
        },
        {
            "Type": "RegistryHabit",
            "Hive": "LocalMachine",
            "Key": "SOFTWARE\\Policies\\Microsoft",
            "ValueName": "AllowNewsAndInterests",
            "BadValue": 1,
            "GoodValue": 0,
            "Description": "Disable the Weather/News icon in the taskbar",
            "ValueType": "DWORD"
        },
        {
            "Type": "RegistryHabit",
            "Hive": "CurrentUser",
            "Key": "Software\\Microsoft\\Windows\\CurrentVersion\\Explorer\\Advanced",
            "ValueName": "TaskbarAl",
            "BadValue": 1,
            "GoodValue": 0,
            "Description": "Modify the Taskbar alignment to left",
            "ValueType": "DWORD"
        },
        {
            "Type": "RegistryHabit",
            "Hive": "LocalMachine",
            "Key": "SOFTWARE\\Microsoft\\Windows NT\\CurrentVersion\\Multimedia\\SystemProfile",
            "ValueName": "NetworkThrottlingIndex",
            "BadValue": 32, 
            "GoodValue": -1, 
            "Description": "Disable Network Throttling",
            "ValueType": "DWORD"
        },
        {
            "Type": "RegistryHabit",
            "Hive": "LocalMachine",
            "Key": "SOFTWARE\\Microsoft\\Windows NT\\CurrentVersion\\Multimedia\\SystemProfile",
            "ValueName": "SystemResponsiveness",
            "BadValue": 32,
            "GoodValue": 16,
            "Description": "Reduce resource allocation to background tasks",
            "ValueType": "DWORD"
        },
        {
            "Type": "RegistryHabit",
            "Hive": "LocalMachine",
            "Key": "SYSTEM\\CurrentControlSet\\Control",
            "ValueName": "WaitToKillServiceTimeout",
            "BadValue": "5000",
            "GoodValue": "2000",
            "Description": "Hasten the shutdown process",
            "ValueType": "STRING"
        },
        {
            "Type": "RegistryHabit",
            "Hive": "CurrentUser",
            "Key": "SOFTWARE\\CLASSES\\CLSID\\{86ca1aa0-34aa-4e8b-a509-50c905bae2a2}\\InprocServer32",
            "ValueName": "",
            "BadValue": "DELETE",
            "GoodValue": "Not Set",
            "Description": "Enables full context menus by adding the InprocServer32 key.",
            "ValueType": "STRING"
        },
        {
            "Type": "RegistryHabit",
            "Hive": "LocalMachine",
            "Key": "SYSTEM\\CurrentControlSet\\Control\\Power\\PowerThrottling",
            "ValueName": "PowerThrottlingOff",
            "BadValue": 0,
            "GoodValue": 1,
            "Description": "Disable Power Throttling to improve performance",
            "ValueType": "DWORD"
        },
        {
            "Type": "RegistryHabit",
            "Hive": "CurrentUser",
            "Key": "Software\\Policies\\Microsoft\\Windows\\Explorer",
            "ValueName": "DisableSearchBoxSuggestions",
            "BadValue": 0,
            "GoodValue": 1,
            "Description": "Get rid of Bing suggestions from the Start menu",
            "ValueType": "DWORD"
        }
    ]
}
